Workbook

Sheet Claims
A1: # | B1: Game | C1: Claim (as written, shortened) | D1: Claim type | E1: Verdict | F1: Error type | G1: Note
A2: 1 | B2: 1 | C2: Mayo 2-14 Galway 2-8 | D2: final score | E2: ok
A3: 2 | B3: 1 | C3: Mayo won / claimed the Connacht title | D3: winner | E3: ok
A4: 3 | B4: 1 | C4: six-point victory | D4: margin | E4: ok
A5: 4 | B5: 1 | C5: Sunday, July 25 | D5: date | E5: ok | G5: weekday is not in the input; computed and correct
A6: 5 | B6: 1 | C6: O'Donoghue and Ruane contributed 2-5 between them | D6: scorer total | E6: ok
A7: 6 | B7: 1 | C7: O'Donoghue 1-3, including a penalty and two pointed frees | D7: scorer detail | E7: ok
A8: 7 | B8: 1 | C8: Ruane 1-2 | D8: scorer total | E8: ok
A9: 8 | B9: 1 | C9: 10 Mayo players on the scoresheet (repeated as "Mayo's 10") | D9: count | E9: error | F9: wrong count | G9: the data lists 9 Mayo scorers
A10: 9 | B10: 1 | C10: Loftus and Conroy two points each | D10: scorer total | E10: ok
A11: 10 | B11: 1 | C11: Hennelly converted a '45 | D11: scorer detail | E11: ok
A12: 11 | B12: 1 | C12: Hennelly is the goalkeeper | D12: added info | E12: not in data (true) | G12: position not in the input
A13: 12 | B13: 1 | C13: Durcan, McHale, McLoughlin, Carr one point each | D13: scorer total | E13: ok
A14: 13 | B14: 1 | C14: both teams scored two goals | D14: final score | E14: ok
A15: 14 | B15: 1 | C15: 14 to 8 in points accounted for the whole margin | D15: derived | E15: ok
A16: 15 | B16: 1 | C16: Galway's leading scorer was Tierney, four points | D16: ranking | E16: partly | F16: ranking | G16: Walsh 1-1 is also 4 points (tie)
A17: 16 | B17: 1 | C17: Tierney: three of his four from frees | D17: scorer detail | E17: ok
A18: 17 | B18: 1 | C18: Walsh 1-1 and Comer a goal | D18: scorer total | E18: ok
A19: 18 | B19: 1 | C19: Paul Conroy two, Sweeney one | D19: scorer total | E19: ok
A20: 19 | B20: 1 | C20: Galway had five scorers | D20: count | E20: ok
A21: 20 | B21: 2 | C21: Laois 2-17 Wexford 2-13 | D21: final score | E21: ok
A22: 21 | B22: 2 | C22: Laois won, four-point victory | D22: margin | E22: ok
A23: 22 | B23: 2 | C23: Sunday, April 9 | D23: date | E23: ok | G23: weekday is not in the input; computed and correct
A24: 23 | B24: 2 | C24: Barry 2-4, two goals | D24: scorer total | E24: ok
A25: 24 | B25: 2 | C25: O'Carroll six points | D25: scorer total | E25: ok
A26: 25 | B26: 2 | C26: Laois total of 23 points | D26: derived | E26: ok
A27: 26 | B27: 2 | C27: Wexford matched Laois on goals | D27: final score | E27: ok
A28: 27 | B28: 2 | C28: Brosnan 1-7 | D28: scorer total | E28: ok
A29: 28 | B29: 2 | C29: Barry and Brosnan ten points each | D29: derived | E29: ok
A30: 29 | B30: 2 | C30: Barry's four points: two frees and a mark | D30: scorer detail | E30: ok
A31: 30 | B31: 2 | C31: O'Carroll: a free, a mark and a 45 among six | D31: scorer detail | E31: ok
A32: 31 | B32: 2 | C32: Kingston four, three from frees | D32: scorer detail | E32: ok
A33: 32 | B33: 2 | C33: Larkin two, O'Sullivan one | D33: scorer total | E33: ok
A34: 33 | B34: 2 | C34: Brosnan: penalty and five frees among seven points | D34: scorer detail | E34: ok
A35: 34 | B35: 2 | C35: Brooks the other goal plus a point | D35: scorer total | E35: ok
... A37: 36 | B37: 2 | C37: Barry, O'Carroll and Kingston all but three of 23 points | D37: derived | E37: ok
A38: 37 | B38: 2 | C38: "opening championship assignment" (preliminary round) | D38: stage | E38: not in data (true) | G38: not stated in the input; plausible
A39: 38 | B39: 3 | C39: Armagh 0-20 Antrim 1-8 | D39: final score | E39: ok
A40: 39 | B40: 3 | C40: Armagh won by nine points | D40: margin | E40: ok
A41: 40 | B41: 3 | C41: Saturday, April 8 | D41: date | E41: ok | G41: weekday is not in the input; computed and correct
A42: 41 | B42: 3 | C42: Turbitt eight points | D42: scorer total | E42: ok
A43: 42 | B43: 3 | C43: Armagh had eight scorers | D43: count | E43: ok
A44: 43 | B44: 3 | C44: Turbitt: three frees, a mark, four from play | D44: scorer detail | E44: ok | G44: "from play" inferred from the absence of a note
A45: 44 | B45: 3 | C45: McPartlan four, all from play | D45: scorer detail | E45: ok | G45: "from play" inferred from the absence of a note
A46: 45 | B46: 3 | C46: Grugan three, including a free | D46: scorer detail | E46: ok
A47: 46 | B47: 3 | C47: the trio accounted for 15 of Armagh's 20 points | D47: derived | E47: ok
A48: 47 | B48: 3 | C48: Stewart the only goal, plus a point | D48: scorer total | E48: ok
A49: 48 | B49: 3 | C49: Antrim's other seven points shared among seven players | D49: derived | E49: ok
A50: 49 | B50: 3 | C50: McCann (Creggan) and Murray one free each | D50: scorer detail | E50: ok
A51: 50 | B51: 3 | C51: McCabe, McAuley, Shivers, McCann (Aghagallon), Eastwood one each | D51: scorer total | E51: ok
A52: 51 | B52: 3 | C52: Rafferty one free; Mackin, Campbell, Hall, Kelly one from play each | D52: scorer detail | E52: ok
A53: 52 | B53: 4 | C53: Derry 0-14 Monaghan 0-14, a draw | D53: final score | E53: ok
A54: 53 | B54: 4 | C54: draw (no winner) | D54: winner | E54: ok
A55: 54 | B55: 4 | C55: Saturday, May 27; Round 1 | D55: date | E55: ok | G55: weekday is not in the input; computed and correct
A56: 55 | B56: 4 | C56: neither side scored a goal | D56: final score | E56: ok
A57: 56 | B57: 4 | C57: McGuigan nine points | D57: scorer total | E57: ok
A58: 57 | B58: 4 | C58: McGuigan: six frees, a mark, two from play | D58: scorer detail | E58: ok
A59: 58 | B59: 4 | C59: McGuigan's placed balls were half of Derry's 14 | D59: derived | E59: ok | G59: 7 of 14
A60: 59 | B60: 4 | C60: Toner two, one from a free; Doherty, McFaul, Murray one each | D60: scorer total | E60: ok
A61: 60 | B61: 4 | C61: Monaghan had eight scorers | D61: count | E61: ok
A62: 61 | B62: 4 | C62: McCarthy and Bannigan three each, one free each, six together | D62: scorer total | E62: ok
A63: 62 | B63: 4 | C63: Beggan two frees | D63: scorer detail | E63: ok
A64: 63 | B64: 4 | C64: Beggan is the goalkeeper | D64: added info | E64: not in data (true) | G64: position not in the input
A65: 64 | B65: 4 | C65: Carey two; Wylie, O'Connell, Boyle, Mohan one each | D65: scorer total | E65: ok
A66: 65 | B66: 5 | C66: Cork 1-14 Roscommon 0-16 | D66: final score | E66: ok
A67: 66 | B67: 5 | C67: Cork won by one point | D67: margin | E67: ok
A68: 67 | B68: 5 | C68: Saturday, June 24 | D68: date | E68: ok | G68: weekday is not in the input; computed and correct
A69: 68 | B69: 5 | C69: Cork secured a place in the quarter-finals | D69: stage | E69: not in data (true) | G69: progression not in the input; correct for a preliminary quarter-final
A70: 69 | B70: 5 | C70: Murtagh brothers 11 points combined (6 + 5) | D70: derived | E70: ok
A71: 70 | B71: 5 | C71: Diarmuid and Ciarain Murtagh are brothers | D71: added info | E71: not in data (true) | G71: not in the input
A72: 71 | B72: 5 | C72: Sherlock five, four from frees | D72: scorer detail | E72: ok
A73: 72 | B73: 5 | C73: Maguire and Jones two each | D73: scorer total | E73: ok
A74: 73 | B74: 5 | C74: Corbett's goal the only goal | D74: scorer total | E74: ok
A75: 74 | B75: 5 | C75: D Murtagh six including three frees, the game's top scorer | D75: ranking | E75: ok
A76: 75 | B76: 5 | C76: C Murtagh five, three from frees | D76: scorer detail | E76: ok
A77: 76 | B77: 5 | C77: Walsh, Fahy, Taylor, O'Driscoll, O'Donovan one each | D77: scorer total | E77: ok
A78: 77 | B78: 5 | C78: Cork had nine scorers | D78: count | E78: ok
A79: 78 | B79: 5 | C79: Cregg and Smith two each; Cregg included a mark | D79: scorer detail | E79: ok
A80: 79 | B80: 5 | C80: Carroll converted a '45 | D80: scorer detail | E80: ok
A81: 80 | B81: 5 | C81: Carroll is the goalkeeper | D81: added info | E81: not in data (unverified) | G81: position not in the input; not checked
A82: 81 | B82: 5 | C82: Cork's 1-14 amounted to 17 points against 16 | D82: derived | E82: ok
A83: 82 | B83: 5 | C83: Roscommon had more individual scores (16 v 15) | D83: derived | E83: ok
A84: 83 | B84: 6 | C84: Louth 0-17 Kildare 0-13 | D84: final score | E84: ok
A85: 84 | B85: 6 | C85: Louth won by four points | D85: margin | E85: ok
A86: 85 | B86: 6 | C86: Sunday, April 28 | D86: date | E86: ok | G86: weekday is not in the input; computed and correct
A87: 86 | B87: 6 | C87: Louth into the Senior Football Championship final / "booked their passage to the decider" (headline and text) | D87: stage | E87: error | F87: wrong context | G87: the input says only "Semi-final"; the model read it as the All-Ireland semi-final and invented a final
A88: 87 | B88: 6 | C88: semi-final decided entirely by points | D88: final score | E88: ok
A89: 88 | B89: 6 | C89: Mulroy seven points | D89: scorer total | E89: ok
A90: 89 | B90: 6 | C90: Mulroy: two from play, four frees, a '45 | D90: scorer detail | E90: ok
A91: 90 | B91: 6 | C91: Louth eight scorers | D91: count | E91: ok
A92: 91 | B92: 6 | C92: Durnin, Grimes, Lennon two each | D92: scorer total | E92: ok
A93: 92 | B93: 6 | C93: Burns, Downey, Mathews, Sharkey one each | D93: scorer total | E93: ok
A94: 93 | B94: 6 | C94: Louth 12 points from play to Kildare's six | D94: derived | E94: ok | G94: assumes unmarked points are from play
A95: 94 | B95: 6 | C95: Kildare 7 of 13 from placed balls; Louth 5 of 17 | D95: derived | E95: ok
A96: 95 | B96: 6 | C96: Feely top scorer, four, two from frees | D96: scorer detail | E96: ok
A97: 96 | B97: 6 | C97: Farrell three frees; Woodgate two placed balls | D97: scorer detail | E97: ok
A98: 97 | B98: 6 | C98: Kirwan two from play; Archbold and Flynn one each | D98: scorer total | E98: ok
A99: 98 | B99: 6 | C99: Louth's other scorers 10 points | D99: derived | E99: ok
A100: 99 | B100: 6 | C100: first name "Sam" for Mulroy | D100: added info | E100: not in data (true) | G100: not in the input
A101: 100 | B101: 7 | C101: Dublin 0-17 Mayo 0-17, a draw | D101: final score | E101: ok
...

Sheet Summary
A1: Claim type | B1: Claims | C1: ok | D1: error | E1: partly | F1: not in data (true) | G1: not in data (unverified)
A2: added info | B2: =COUNTIF(Claims!$D$2:$D$147,A2) | C2: =COUNTIFS(Claims!$D$2:$D$147,$A2,Claims!$E$2:$E$147,"ok") | D2: =COUNTIFS(Claims!$D$2:$D$147,$A2,Claims!$E$2:$E$147,"error") | E2: =COUNTIFS(Claims!$D$2:$D$147,$A2,Claims!$E$2:$E$147,"partly") | F2: =COUNTIFS(Claims!$D$2:$D$147,$A2,Claims!$E$2:$E$147,"not in data (true)") | G2: =COUNTIFS(Claims!$D$2:$D$147,$A2,Claims!$E$2:$E$147,"not in data (unverified)")
A3: count | B3: =COUNTIF(Claims!$D$2:$D$147,A3) | C3: =COUNTIFS(Claims!$D$2:$D$147,$A3,Claims!$E$2:$E$147,"ok") | D3: =COUNTIFS(Claims!$D$2:$D$147,$A3,Claims!$E$2:$E$147,"error") | E3: =COUNTIFS(Claims!$D$2:$D$147,$A3,Claims!$E$2:$E$147,"partly") | F3: =COUNTIFS(Claims!$D$2:$D$147,$A3,Claims!$E$2:$E$147,"not in data (true)") | G3: =COUNTIFS(Claims!$D$2:$D$147,$A3,Claims!$E$2:$E$147,"not in data (unverified)")
A4: date | B4: =COUNTIF(Claims!$D$2:$D$147,A4) | C4: =COUNTIFS(Claims!$D$2:$D$147,$A4,Claims!$E$2:$E$147,"ok") | D4: =COUNTIFS(Claims!$D$2:$D$147,$A4,Claims!$E$2:$E$147,"error") | E4: =COUNTIFS(Claims!$D$2:$D$147,$A4,Claims!$E$2:$E$147,"partly") | F4: =COUNTIFS(Claims!$D$2:$D$147,$A4,Claims!$E$2:$E$147,"not in data (true)") | G4: =COUNTIFS(Claims!$D$2:$D$147,$A4,Claims!$E$2:$E$147,"not in data (unverified)")
A5: derived | B5: =COUNTIF(Claims!$D$2:$D$147,A5) | C5: =COUNTIFS(Claims!$D$2:$D$147,$A5,Claims!$E$2:$E$147,"ok") | D5: =COUNTIFS(Claims!$D$2:$D$147,$A5,Claims!$E$2:$E$147,"error") | E5: =COUNTIFS(Claims!$D$2:$D$147,$A5,Claims!$E$2:$E$147,"partly") | F5: =COUNTIFS(Claims!$D$2:$D$147,$A5,Claims!$E$2:$E$147,"not in data (true)") | G5: =COUNTIFS(Claims!$D$2:$D$147,$A5,Claims!$E$2:$E$147,"not in data (unverified)")
A6: final score | B6: =COUNTIF(Claims!$D$2:$D$147,A6) | C6: =COUNTIFS(Claims!$D$2:$D$147,$A6,Claims!$E$2:$E$147,"ok") | D6: =COUNTIFS(Claims!$D$2:$D$147,$A6,Claims!$E$2:$E$147,"error") | E6: =COUNTIFS(Claims!$D$2:$D$147,$A6,Claims!$E$2:$E$147,"partly") | F6: =COUNTIFS(Claims!$D$2:$D$147,$A6,Claims!$E$2:$E$147,"not in data (true)") | G6: =COUNTIFS(Claims!$D$2:$D$147,$A6,Claims!$E$2:$E$147,"not in data (unverified)")
A7: invented entity | B7: =COUNTIF(Claims!$D$2:$D$147,A7) | C7: =COUNTIFS(Claims!$D$2:$D$147,$A7,Claims!$E$2:$E$147,"ok") | D7: =COUNTIFS(Claims!$D$2:$D$147,$A7,Claims!$E$2:$E$147,"error") | E7: =COUNTIFS(Claims!$D$2:$D$147,$A7,Claims!$E$2:$E$147,"partly") | F7: =COUNTIFS(Claims!$D$2:$D$147,$A7,Claims!$E$2:$E$147,"not in data (true)") | G7: =COUNTIFS(Claims!$D$2:$D$147,$A7,Claims!$E$2:$E$147,"not in data (unverified)")
A8: margin | B8: =COUNTIF(Claims!$D$2:$D$147,A8) | C8: =COUNTIFS(Claims!$D$2:$D$147,$A8,Claims!$E$2:$E$147,"ok") | D8: =COUNTIFS(Claims!$D$2:$D$147,$A8,Claims!$E$2:$E$147,"error") | E8: =COUNTIFS(Claims!$D$2:$D$147,$A8,Claims!$E$2:$E$147,"partly") | F8: =COUNTIFS(Claims!$D$2:$D$147,$A8,Claims!$E$2:$E$147,"not in data (true)") | G8: =COUNTIFS(Claims!$D$2:$D$147,$A8,Claims!$E$2:$E$147,"not in data (unverified)")
A9: ranking | B9: =COUNTIF(Claims!$D$2:$D$147,A9) | C9: =COUNTIFS(Claims!$D$2:$D$147,$A9,Claims!$E$2:$E$147,"ok") | D9: =COUNTIFS(Claims!$D$2:$D$147,$A9,Claims!$E$2:$E$147,"error") | E9: =COUNTIFS(Claims!$D$2:$D$147,$A9,Claims!$E$2:$E$147,"partly") | F9: =COUNTIFS(Claims!$D$2:$D$147,$A9,Claims!$E$2:$E$147,"not in data (true)") | G9: =COUNTIFS(Claims!$D$2:$D$147,$A9,Claims!$E$2:$E$147,"not in data (unverified)")
A10: scorer detail | B10: =COUNTIF(Claims!$D$2:$D$147,A10) | C10: =COUNTIFS(Claims!$D$2:$D$147,$A10,Claims!$E$2:$E$147,"ok") | D10: =COUNTIFS(Claims!$D$2:$D$147,$A10,Claims!$E$2:$E$147,"error") | E10: =COUNTIFS(Claims!$D$2:$D$147,$A10,Claims!$E$2:$E$147,"partly") | F10: =COUNTIFS(Claims!$D$2:$D$147,$A10,Claims!$E$2:$E$147,"not in data (true)") | G10: =COUNTIFS(Claims!$D$2:$D$147,$A10,Claims!$E$2:$E$147,"not in data (unverified)")
A11: scorer total | B11: =COUNTIF(Claims!$D$2:$D$147,A11) | C11: =COUNTIFS(Claims!$D$2:$D$147,$A11,Claims!$E$2:$E$147,"ok") | D11: =COUNTIFS(Claims!$D$2:$D$147,$A11,Claims!$E$2:$E$147,"error") | E11: =COUNTIFS(Claims!$D$2:$D$147,$A11,Claims!$E$2:$E$147,"partly") | F11: =COUNTIFS(Claims!$D$2:$D$147,$A11,Claims!$E$2:$E$147,"not in data (true)") | G11: =COUNTIFS(Claims!$D$2:$D$147,$A11,Claims!$E$2:$E$147,"not in data (unverified)")
A12: stage | B12: =COUNTIF(Claims!$D$2:$D$147,A12) | C12: =COUNTIFS(Claims!$D$2:$D$147,$A12,Claims!$E$2:$E$147,"ok") | D12: =COUNTIFS(Claims!$D$2:$D$147,$A12,Claims!$E$2:$E$147,"error") | E12: =COUNTIFS(Claims!$D$2:$D$147,$A12,Claims!$E$2:$E$147,"partly") | F12: =COUNTIFS(Claims!$D$2:$D$147,$A12,Claims!$E$2:$E$147,"not in data (true)") | G12: =COUNTIFS(Claims!$D$2:$D$147,$A12,Claims!$E$2:$E$147,"not in data (unverified)")
A13: winner | B13: =COUNTIF(Claims!$D$2:$D$147,A13) | C13: =COUNTIFS(Claims!$D$2:$D$147,$A13,Claims!$E$2:$E$147,"ok") | D13: =COUNTIFS(Claims!$D$2:$D$147,$A13,Claims!$E$2:$E$147,"error") | E13: =COUNTIFS(Claims!$D$2:$D$147,$A13,Claims!$E$2:$E$147,"partly") | F13: =COUNTIFS(Claims!$D$2:$D$147,$A13,Claims!$E$2:$E$147,"not in data (true)") | G13: =COUNTIFS(Claims!$D$2:$D$147,$A13,Claims!$E$2:$E$147,"not in data (unverified)")
A14: Total | B14: =SUM(B2:B13) | C14: =SUM(C2:C13) | D14: =SUM(D2:D13) | E14: =SUM(E2:E13) | F14: =SUM(F2:F13) | G14: =SUM(G2:G13)

Sheet Notes
A1: Pilot run 2026-10-28_2207, prompt v1 (condition A), model gpt-6.1-sol. Games 1-9 only: game 10 (Armagh v Kerry) went to extra time and is out of scope.
A2: Each claim was checked by hand against code/data/processed/pilot_inputs.json (scorers, score and the truth block).
A3: Verdicts: ok = supported by the input or follows from it; error = contradicts the input or invents something; partly = literally true but misleading; not in data = not in the input, so it comes from the model (true / unverified).
A4: "From play" claims are counted as ok when the input has no note on the points (the notation only marks frees, marks, 45s and penalties).
A5: The weekday of each date is not in the input; all nine were computed and match.
A6: The list is a hand selection of the factual claims of each report, not an automatic extraction. Interpretive phrases ("convincing", "deserved") are not claims.
A7: One reader only. A second pass over the "ok" rows would reduce the chance of a missed error.
